filename,target
0.jpg,0
1.jpg,0
2.jpg,1
3.jpg,1
4.jpg,1
5.jpg,1
6.jpg,0
7.jpg,0
8.jpg,1
9.jpg,0
10.jpg,0
11.jpg,1
12.jpg,0
13.jpg,0
14.jpg,1
15.jpg,0
16.jpg,1
17.jpg,0
18.jpg,0
19.jpg,0
20.jpg,1
21.jpg,0
22.jpg,0
23.jpg,0
24.jpg,0
25.jpg,0
26.jpg,1
27.jpg,0
28.jpg,1
29.jpg,0
30.jpg,1
31.jpg,1
32.jpg,0
33.jpg,1
34.jpg,1
35.jpg,0
36.jpg,0
37.jpg,0
38.jpg,0
39.jpg,0
40.jpg,0
41.jpg,0
42.jpg,0
43.jpg,0
44.jpg,0
45.jpg,0
46.jpg,0
47.jpg,1
48.jpg,0
49.jpg,0
50.jpg,1
51.jpg,1
52.jpg,1
53.jpg,1
54.jpg,0
55.jpg,1
56.jpg,1
57.jpg,1
58.jpg,1
59.jpg,1
60.jpg,1
61.jpg,1
62.jpg,0
63.jpg,1
64.jpg,0
65.jpg,1
66.jpg,1
67.jpg,1
68.jpg,1
69.jpg,0
70.jpg,1
71.jpg,0
72.jpg,0
73.jpg,1
74.jpg,1
75.jpg,1
76.jpg,1
77.jpg,0
78.jpg,1
79.jpg,1
80.jpg,0
81.jpg,0
82.jpg,0
83.jpg,0
84.jpg,1
85.jpg,0
86.jpg,0
87.jpg,0
88.jpg,0
89.jpg,1
90.jpg,1
91.jpg,0
92.jpg,0
93.jpg,0
94.jpg,0
95.jpg,1
96.jpg,1
97.jpg,0
98.jpg,1
99.jpg,0
100.jpg,1
101.jpg,0
102.jpg,0
103.jpg,0
104.jpg,1
105.jpg,1
106.jpg,1
107.jpg,1
108.jpg,1
109.jpg,0
110.jpg,0
111.jpg,0
112.jpg,0
113.jpg,1
114.jpg,1
115.jpg,1
116.jpg,0
117.jpg,1
118.jpg,1
119.jpg,0
120.jpg,0
121.jpg,1
122.jpg,0
123.jpg,1
124.jpg,1
125.jpg,1
126.jpg,1
127.jpg,1
128.jpg,1
129.jpg,0
130.jpg,1
131.jpg,0
132.jpg,0
133.jpg,0
134.jpg,0
135.jpg,1
136.jpg,1
137.jpg,1
138.jpg,0
139.jpg,0
140.jpg,0
141.jpg,1
142.jpg,1
143.jpg,0
144.jpg,0
145.jpg,1
146.jpg,1
147.jpg,0
148.jpg,1
149.jpg,1
150.jpg,1
151.jpg,1
152.jpg,0
153.jpg,1
154.jpg,0
155.jpg,0
156.jpg,1
157.jpg,1
158.jpg,1
159.jpg,0
160.jpg,1
161.jpg,1
162.jpg,0
163.jpg,1
164.jpg,1
165.jpg,0
166.jpg,1
167.jpg,1
168.jpg,1
169.jpg,1
170.jpg,0
171.jpg,0
172.jpg,1
173.jpg,0
174.jpg,0
175.jpg,0
176.jpg,1
177.jpg,1
178.jpg,1
179.jpg,0
180.jpg,1
181.jpg,1
182.jpg,0
183.jpg,1
184.jpg,0
185.jpg,0
186.jpg,0
187.jpg,0
188.jpg,0
189.jpg,1
190.jpg,1
191.jpg,1
192.jpg,1
193.jpg,1
194.jpg,1
195.jpg,0
196.jpg,0
197.jpg,0
198.jpg,1
199.jpg,0
200.jpg,0
201.jpg,1
202.jpg,0
203.jpg,0
204.jpg,1
205.jpg,0
206.jpg,0
207.jpg,0
208.jpg,0
209.jpg,0
210.jpg,1
211.jpg,0
212.jpg,0
213.jpg,1
214.jpg,1
215.jpg,0
216.jpg,1
217.jpg,0
218.jpg,1
219.jpg,1
220.jpg,0
221.jpg,1
222.jpg,1
223.jpg,1
224.jpg,0
225.jpg,1
226.jpg,0
227.jpg,0
228.jpg,0
229.jpg,0
230.jpg,0
231.jpg,0
232.jpg,1
233.jpg,0
234.jpg,1
235.jpg,1
236.jpg,0
237.jpg,0
238.jpg,1
239.jpg,1
240.jpg,0
241.jpg,0
242.jpg,1
243.jpg,1
244.jpg,1
245.jpg,1
246.jpg,1
247.jpg,1
248.jpg,0
249.jpg,0
250.jpg,0
251.jpg,0
252.jpg,0
253.jpg,1
254.jpg,0
255.jpg,0
256.jpg,1
257.jpg,0
258.jpg,0
259.jpg,0
260.jpg,1
261.jpg,1
262.jpg,1
263.jpg,0
264.jpg,1
265.jpg,0
266.jpg,1
267.jpg,1
268.jpg,0
269.jpg,1
270.jpg,1
271.jpg,1
272.jpg,0
273.jpg,1
274.jpg,1
275.jpg,1
276.jpg,0
277.jpg,1
278.jpg,0
279.jpg,1
280.jpg,0
281.jpg,1
282.jpg,0
283.jpg,0
284.jpg,1
285.jpg,1
286.jpg,1
287.jpg,0
288.jpg,1
289.jpg,1
290.jpg,1
291.jpg,1
292.jpg,0
293.jpg,0
294.jpg,0
295.jpg,1
296.jpg,0
297.jpg,0
298.jpg,0
299.jpg,0
300.jpg,0
301.jpg,1
302.jpg,0
303.jpg,0
304.jpg,0
305.jpg,0
306.jpg,1
307.jpg,0
308.jpg,1
309.jpg,0
310.jpg,0
311.jpg,0
312.jpg,0
313.jpg,1
314.jpg,0
315.jpg,1
316.jpg,0
317.jpg,0
318.jpg,1
319.jpg,1
320.jpg,0
321.jpg,0
322.jpg,0
323.jpg,0
324.jpg,0
325.jpg,1
326.jpg,1
327.jpg,0
328.jpg,0
329.jpg,1
330.jpg,0
331.jpg,1
332.jpg,1
333.jpg,1
334.jpg,0
335.jpg,0
336.jpg,0
337.jpg,0
338.jpg,0
339.jpg,1
340.jpg,0
341.jpg,1
342.jpg,0
343.jpg,1
344.jpg,0
345.jpg,0
346.jpg,1
347.jpg,0
348.jpg,1
349.jpg,0
350.jpg,1
351.jpg,0
352.jpg,0
353.jpg,0
354.jpg,1
355.jpg,1
356.jpg,1
357.jpg,1
358.jpg,1
359.jpg,0
360.jpg,0
361.jpg,1
362.jpg,0
363.jpg,0
364.jpg,1
365.jpg,1
366.jpg,0
367.jpg,1
368.jpg,1
369.jpg,0
370.jpg,0
371.jpg,0
372.jpg,0
373.jpg,1
374.jpg,1
375.jpg,1
376.jpg,0
377.jpg,0
378.jpg,0
379.jpg,1
380.jpg,0
381.jpg,0
382.jpg,1
383.jpg,1
384.jpg,1
385.jpg,0
386.jpg,0
387.jpg,1
388.jpg,0
389.jpg,0
390.jpg,0
391.jpg,0
392.jpg,0
393.jpg,1
394.jpg,1
395.jpg,0
396.jpg,0
397.jpg,1
398.jpg,1
399.jpg,0
400.jpg,0
401.jpg,0
402.jpg,0
403.jpg,1
404.jpg,0
405.jpg,1
406.jpg,0
407.jpg,1
408.jpg,0
409.jpg,0
410.jpg,1
411.jpg,1
412.jpg,0
413.jpg,0
414.jpg,1
415.jpg,0
416.jpg,0
417.jpg,0
418.jpg,0
419.jpg,0
420.jpg,1
421.jpg,1
422.jpg,0
423.jpg,0
424.jpg,0
425.jpg,1
426.jpg,1
427.jpg,0
428.jpg,1
429.jpg,1
430.jpg,1
431.jpg,0
432.jpg,1
433.jpg,1
434.jpg,0
435.jpg,0
436.jpg,1
437.jpg,0
438.jpg,1
439.jpg,1
440.jpg,1
441.jpg,1
442.jpg,0
443.jpg,0
444.jpg,0
445.jpg,0
446.jpg,1
447.jpg,0
448.jpg,0
449.jpg,0
450.jpg,0
451.jpg,0
452.jpg,1
453.jpg,0
454.jpg,1
455.jpg,1
456.jpg,1
457.jpg,0
458.jpg,0
459.jpg,0
460.jpg,0
461.jpg,0
462.jpg,0
463.jpg,1
464.jpg,1
465.jpg,0
466.jpg,1
467.jpg,1
468.jpg,0
469.jpg,1
470.jpg,0
471.jpg,0
472.jpg,1
473.jpg,0
474.jpg,0
475.jpg,0
476.jpg,1
477.jpg,1
478.jpg,0
479.jpg,0
480.jpg,0
481.jpg,0
482.jpg,1
483.jpg,0
484.jpg,0
485.jpg,0
486.jpg,1
487.jpg,1
488.jpg,1
489.jpg,0
490.jpg,1
491.jpg,1
492.jpg,1
493.jpg,1
494.jpg,1
495.jpg,1
496.jpg,0
497.jpg,1
498.jpg,1
499.jpg,1
500.jpg,1
501.jpg,0
502.jpg,1
503.jpg,1
504.jpg,0
505.jpg,1
506.jpg,0
507.jpg,1
508.jpg,1
509.jpg,1
510.jpg,1
511.jpg,1
512.jpg,0
513.jpg,0
514.jpg,0
515.jpg,0
516.jpg,0
517.jpg,0
518.jpg,0
519.jpg,1
520.jpg,0
521.jpg,1
522.jpg,1
523.jpg,1
524.jpg,1
525.jpg,0
526.jpg,1
527.jpg,1
528.jpg,0
529.jpg,0
530.jpg,0
531.jpg,1
532.jpg,1
533.jpg,1
534.jpg,1
535.jpg,1
536.jpg,0
537.jpg,0
538.jpg,1
539.jpg,1
540.jpg,1
541.jpg,1
542.jpg,0
543.jpg,1
544.jpg,1
545.jpg,1
546.jpg,0
547.jpg,1
548.jpg,1
549.jpg,1
550.jpg,1
551.jpg,1
552.jpg,0
553.jpg,1
554.jpg,0
555.jpg,1
556.jpg,0
557.jpg,1
558.jpg,1
559.jpg,0
560.jpg,0
561.jpg,0
562.jpg,1
563.jpg,1
564.jpg,0
565.jpg,0
566.jpg,1
567.jpg,1
568.jpg,1
569.jpg,0
570.jpg,0
571.jpg,0
572.jpg,0
573.jpg,0
574.jpg,0
575.jpg,1
576.jpg,1
577.jpg,0
578.jpg,0
579.jpg,1
580.jpg,0
581.jpg,1
582.jpg,0
583.jpg,0
584.jpg,0
585.jpg,1
586.jpg,0
587.jpg,0
588.jpg,1
589.jpg,0
590.jpg,0
591.jpg,0
592.jpg,0
593.jpg,0
594.jpg,1
595.jpg,0
596.jpg,0
597.jpg,0
598.jpg,0
599.jpg,0
600.jpg,0
601.jpg,1
602.jpg,0
603.jpg,0
604.jpg,0
605.jpg,1
606.jpg,0
607.jpg,0
608.jpg,0
609.jpg,1
610.jpg,0
611.jpg,0
612.jpg,0
613.jpg,1
614.jpg,0
615.jpg,0
616.jpg,1
617.jpg,1
618.jpg,0
619.jpg,1
620.jpg,1
621.jpg,1
622.jpg,0
623.jpg,0
624.jpg,1
625.jpg,1
626.jpg,1
627.jpg,1
628.jpg,0
629.jpg,0
630.jpg,1
631.jpg,0
632.jpg,0
633.jpg,0
634.jpg,0
635.jpg,0
636.jpg,1
637.jpg,0
638.jpg,0
639.jpg,0
640.jpg,0
641.jpg,0
642.jpg,0
643.jpg,0
644.jpg,0
645.jpg,0
646.jpg,0
647.jpg,1
648.jpg,1
649.jpg,0
650.jpg,1
651.jpg,0
652.jpg,0
653.jpg,0
654.jpg,1
655.jpg,0
656.jpg,0
657.jpg,1
658.jpg,1
659.jpg,0
660.jpg,1
661.jpg,1
662.jpg,0
663.jpg,1
664.jpg,1
665.jpg,0
666.jpg,0
667.jpg,0
668.jpg,0
669.jpg,0
670.jpg,0
671.jpg,0
672.jpg,1
673.jpg,0
674.jpg,0
675.jpg,0
676.jpg,0
677.jpg,1
678.jpg,1
679.jpg,1
680.jpg,0
681.jpg,0
682.jpg,1
683.jpg,0
684.jpg,0
685.jpg,0
686.jpg,0
687.jpg,0
688.jpg,0
689.jpg,0
690.jpg,0
691.jpg,0
692.jpg,1
693.jpg,0
694.jpg,1
695.jpg,0
696.jpg,0
697.jpg,0
698.jpg,0
699.jpg,1
700.jpg,1
701.jpg,1
702.jpg,1
703.jpg,1
704.jpg,0
705.jpg,1
706.jpg,1
707.jpg,1
708.jpg,1
709.jpg,0
710.jpg,0
711.jpg,0
712.jpg,0
713.jpg,0
714.jpg,1
715.jpg,1
716.jpg,1
717.jpg,1
718.jpg,0
719.jpg,1
720.jpg,0
721.jpg,0
722.jpg,0
723.jpg,0
724.jpg,1
725.jpg,1
726.jpg,1
727.jpg,1
728.jpg,1
729.jpg,1
730.jpg,1
731.jpg,0
732.jpg,0
733.jpg,1
734.jpg,1
735.jpg,0
736.jpg,1
737.jpg,1
738.jpg,1
739.jpg,0
740.jpg,0
741.jpg,1
742.jpg,0
743.jpg,1
744.jpg,0
745.jpg,1
746.jpg,1
747.jpg,0
748.jpg,0
749.jpg,0
750.jpg,1
751.jpg,1
752.jpg,1
753.jpg,1
754.jpg,0
755.jpg,1
756.jpg,0
757.jpg,1
758.jpg,1
759.jpg,0
760.jpg,0
761.jpg,0
762.jpg,0
763.jpg,0
764.jpg,0
765.jpg,1
766.jpg,0
767.jpg,0
768.jpg,1
769.jpg,1
770.jpg,1
771.jpg,0
772.jpg,1
773.jpg,1
774.jpg,0
775.jpg,1
776.jpg,0
777.jpg,1
778.jpg,1
779.jpg,1
780.jpg,1
781.jpg,0
782.jpg,0
783.jpg,0
784.jpg,0
785.jpg,1
786.jpg,1
787.jpg,0
788.jpg,1
789.jpg,0
790.jpg,1
791.jpg,1
792.jpg,0
793.jpg,0
794.jpg,0
795.jpg,1
796.jpg,1
797.jpg,1
798.jpg,1
799.jpg,0
800.jpg,0
801.jpg,1
802.jpg,0
803.jpg,0
804.jpg,1
805.jpg,0
806.jpg,0
807.jpg,1
808.jpg,0
809.jpg,0
810.jpg,1
811.jpg,1
812.jpg,0
813.jpg,1
814.jpg,0
815.jpg,1
816.jpg,0
817.jpg,0
818.jpg,1
819.jpg,1
820.jpg,1
821.jpg,0
822.jpg,0
823.jpg,0
824.jpg,0
825.jpg,0
826.jpg,1
827.jpg,1
828.jpg,0
829.jpg,1
830.jpg,0
831.jpg,1
832.jpg,1
833.jpg,0
834.jpg,1
835.jpg,1
836.jpg,1
837.jpg,1
838.jpg,0
839.jpg,0
840.jpg,1
841.jpg,1
842.jpg,1
843.jpg,1
844.jpg,0
845.jpg,0
846.jpg,1
847.jpg,1
848.jpg,0
849.jpg,1
850.jpg,1
851.jpg,1
852.jpg,0
853.jpg,1
854.jpg,1
855.jpg,1
856.jpg,0
857.jpg,1
858.jpg,1
859.jpg,0
860.jpg,1
861.jpg,0
862.jpg,1
863.jpg,1
864.jpg,0
865.jpg,1
866.jpg,1
867.jpg,0
868.jpg,1
869.jpg,0
870.jpg,1
871.jpg,1
872.jpg,1
873.jpg,0
874.jpg,0
875.jpg,0
876.jpg,1
877.jpg,1
878.jpg,0
879.jpg,1
880.jpg,1
881.jpg,0
882.jpg,0
883.jpg,1
884.jpg,0
885.jpg,0
886.jpg,1
887.jpg,0
888.jpg,1
889.jpg,0
890.jpg,1
891.jpg,0
892.jpg,1
893.jpg,0
894.jpg,1
895.jpg,0
896.jpg,1
897.jpg,0
898.jpg,1
899.jpg,1
900.jpg,1
901.jpg,1
902.jpg,1
903.jpg,1
904.jpg,1
905.jpg,1
906.jpg,1
907.jpg,0
908.jpg,0
909.jpg,1
910.jpg,1
911.jpg,1
912.jpg,1
913.jpg,0
914.jpg,0
915.jpg,0
916.jpg,1
917.jpg,0
918.jpg,1
919.jpg,0
920.jpg,1
921.jpg,1
922.jpg,1
923.jpg,1
924.jpg,0
925.jpg,1
926.jpg,0
927.jpg,1
928.jpg,0
929.jpg,1
930.jpg,1
931.jpg,1
932.jpg,1
933.jpg,1
934.jpg,1
935.jpg,1
936.jpg,1
937.jpg,1
938.jpg,1
939.jpg,0
940.jpg,1
941.jpg,1
942.jpg,0
943.jpg,1
944.jpg,1
945.jpg,1
946.jpg,0
947.jpg,1
948.jpg,1
949.jpg,0
950.jpg,0
951.jpg,0
952.jpg,1
953.jpg,0
954.jpg,0
955.jpg,0
956.jpg,1
957.jpg,0
958.jpg,0
959.jpg,0
960.jpg,1
961.jpg,1
962.jpg,1
963.jpg,1
964.jpg,1
965.jpg,1
966.jpg,0
967.jpg,0
968.jpg,1
969.jpg,1
970.jpg,0
971.jpg,1
972.jpg,1
973.jpg,0
974.jpg,1
975.jpg,1
976.jpg,0
977.jpg,1
978.jpg,1
979.jpg,1
980.jpg,0
981.jpg,0
982.jpg,1
983.jpg,0
984.jpg,0
985.jpg,0
986.jpg,1
987.jpg,1
988.jpg,1
989.jpg,0
990.jpg,1
991.jpg,1
992.jpg,0
993.jpg,1
994.jpg,1
995.jpg,0
996.jpg,0
997.jpg,1
998.jpg,1
999.jpg,1
1000.jpg,0
1001.jpg,0
1002.jpg,0
1003.jpg,1
1004.jpg,0
1005.jpg,1
1006.jpg,1
1007.jpg,0
1008.jpg,0
1009.jpg,0
1010.jpg,0
1011.jpg,0
1012.jpg,1
1013.jpg,1
1014.jpg,0
1015.jpg,1
1016.jpg,1
1017.jpg,0
1018.jpg,1
1019.jpg,0
1020.jpg,1
1021.jpg,0
1022.jpg,1
1023.jpg,1
1024.jpg,0
1025.jpg,1
1026.jpg,1
1027.jpg,0
1028.jpg,0
1029.jpg,1
1030.jpg,0
1031.jpg,1
1032.jpg,0
1033.jpg,1
1034.jpg,0
1035.jpg,1
1036.jpg,0
1037.jpg,0
1038.jpg,0
1039.jpg,0
1040.jpg,1
1041.jpg,0
1042.jpg,1
1043.jpg,1
1044.jpg,0
1045.jpg,1
1046.jpg,0
1047.jpg,1
1048.jpg,1
1049.jpg,0
1050.jpg,1
1051.jpg,1
1052.jpg,0
1053.jpg,0
1054.jpg,1
1055.jpg,0
1056.jpg,0
1057.jpg,0
1058.jpg,1
1059.jpg,1
1060.jpg,0
1061.jpg,1
1062.jpg,0
1063.jpg,0
1064.jpg,1
1065.jpg,0
1066.jpg,0
1067.jpg,1
1068.jpg,1
1069.jpg,1
1070.jpg,1
1071.jpg,0
1072.jpg,1
1073.jpg,1
1074.jpg,0
1075.jpg,1
1076.jpg,1
1077.jpg,1
1078.jpg,0
1079.jpg,0
1080.jpg,1
1081.jpg,1
1082.jpg,1
1083.jpg,1
1084.jpg,0
1085.jpg,1
1086.jpg,1
1087.jpg,1
1088.jpg,0
1089.jpg,1
1090.jpg,0
1091.jpg,0
1092.jpg,1
1093.jpg,1
1094.jpg,0
1095.jpg,1
1096.jpg,0
1097.jpg,1
1098.jpg,1
1099.jpg,1
1100.jpg,0
1101.jpg,0
1102.jpg,0
1103.jpg,1
1104.jpg,0
1105.jpg,0
1106.jpg,1
1107.jpg,0
1108.jpg,1
1109.jpg,1
1110.jpg,0
1111.jpg,1
1112.jpg,0
1113.jpg,0
1114.jpg,0
1115.jpg,1
1116.jpg,1
1117.jpg,0
1118.jpg,1
1119.jpg,1
1120.jpg,1
1121.jpg,0
1122.jpg,0
1123.jpg,1
1124.jpg,0
1125.jpg,0
1126.jpg,1
1127.jpg,0
1128.jpg,1
1129.jpg,1
1130.jpg,1
1131.jpg,1
1132.jpg,1
1133.jpg,1
1134.jpg,0
1135.jpg,0
1136.jpg,0
1137.jpg,1
1138.jpg,0
1139.jpg,0
1140.jpg,1
1141.jpg,1
1142.jpg,1
1143.jpg,1
1144.jpg,1
1145.jpg,1
1146.jpg,1
1147.jpg,1
1148.jpg,1
1149.jpg,1
1150.jpg,0
1151.jpg,1
1152.jpg,1
1153.jpg,0
1154.jpg,0
1155.jpg,0
1156.jpg,1
1157.jpg,0
1158.jpg,1
1159.jpg,1
1160.jpg,1
1161.jpg,1
1162.jpg,0
1163.jpg,0
1164.jpg,1
1165.jpg,0
1166.jpg,0
1167.jpg,0
1168.jpg,0
1169.jpg,0
1170.jpg,1
1171.jpg,1
1172.jpg,1
1173.jpg,0
1174.jpg,1
1175.jpg,1
1176.jpg,1
1177.jpg,1
1178.jpg,0
1179.jpg,1
1180.jpg,0
1181.jpg,1
1182.jpg,1
1183.jpg,1
1184.jpg,0
1185.jpg,1
1186.jpg,0
1187.jpg,1
1188.jpg,0
1189.jpg,1
1190.jpg,1
1191.jpg,1
1192.jpg,0
1193.jpg,1
1194.jpg,0
1195.jpg,1
1196.jpg,0
1197.jpg,1
1198.jpg,0
1199.jpg,1
1200.jpg,0
1201.jpg,1
1202.jpg,1
1203.jpg,0
1204.jpg,0
1205.jpg,1
1206.jpg,0
1207.jpg,1
1208.jpg,0
1209.jpg,0
1210.jpg,1
1211.jpg,1
1212.jpg,1
1213.jpg,1
1214.jpg,1
1215.jpg,1
1216.jpg,0
1217.jpg,1
1218.jpg,1
1219.jpg,0
1220.jpg,0
1221.jpg,1
1222.jpg,1
1223.jpg,0
1224.jpg,1
1225.jpg,1
1226.jpg,0
1227.jpg,1
1228.jpg,1
1229.jpg,1
1230.jpg,1
1231.jpg,0
1232.jpg,0
1233.jpg,0
1234.jpg,0
1235.jpg,0
1236.jpg,0
1237.jpg,1
1238.jpg,0
1239.jpg,1
1240.jpg,0
1241.jpg,1
1242.jpg,1
1243.jpg,1
1244.jpg,0
1245.jpg,0
1246.jpg,1
1247.jpg,1
1248.jpg,1
1249.jpg,0
1250.jpg,0
1251.jpg,0
1252.jpg,1
1253.jpg,0
1254.jpg,1
1255.jpg,1
1256.jpg,0
1257.jpg,0
1258.jpg,1
1259.jpg,0
1260.jpg,1
1261.jpg,1
1262.jpg,1
1263.jpg,0
1264.jpg,1
1265.jpg,0
1266.jpg,0
1267.jpg,0
1268.jpg,0
1269.jpg,0
1270.jpg,1
1271.jpg,0
1272.jpg,1
1273.jpg,1
1274.jpg,1
1275.jpg,0
1276.jpg,0
1277.jpg,1
1278.jpg,1
1279.jpg,0
1280.jpg,1
1281.jpg,0
1282.jpg,0
1283.jpg,1
1284.jpg,0
1285.jpg,1
1286.jpg,0
1287.jpg,1
1288.jpg,0
1289.jpg,0
1290.jpg,0
1291.jpg,1
1292.jpg,1
1293.jpg,1
1294.jpg,0
1295.jpg,0
1296.jpg,1
1297.jpg,0
1298.jpg,0
1299.jpg,0
1300.jpg,1
1301.jpg,1
1302.jpg,0
1303.jpg,0
1304.jpg,1
1305.jpg,1
1306.jpg,1
1307.jpg,1
1308.jpg,1
1309.jpg,0
1310.jpg,1
1311.jpg,0
1312.jpg,1
1313.jpg,0
1314.jpg,1
1315.jpg,0
1316.jpg,0
1317.jpg,0
1318.jpg,1
1319.jpg,0
1320.jpg,0
1321.jpg,1
1322.jpg,0
1323.jpg,0
1324.jpg,1
1325.jpg,0
1326.jpg,0
1327.jpg,0
1328.jpg,0
1329.jpg,1
1330.jpg,0
1331.jpg,0
1332.jpg,0
1333.jpg,1
1334.jpg,0
1335.jpg,0
1336.jpg,0
1337.jpg,1
1338.jpg,1
1339.jpg,1
1340.jpg,0
1341.jpg,1
1342.jpg,1
1343.jpg,0
1344.jpg,0
1345.jpg,0
1346.jpg,1
1347.jpg,1
1348.jpg,1
1349.jpg,0
1350.jpg,1
1351.jpg,0
1352.jpg,1
1353.jpg,1
1354.jpg,0
1355.jpg,1
1356.jpg,1
1357.jpg,0
1358.jpg,0
1359.jpg,1
1360.jpg,1
1361.jpg,0
1362.jpg,0
1363.jpg,1
1364.jpg,0
1365.jpg,1
1366.jpg,1
1367.jpg,1
1368.jpg,0
1369.jpg,0
1370.jpg,1
1371.jpg,1
1372.jpg,1
1373.jpg,0
1374.jpg,1
1375.jpg,0
1376.jpg,1
1377.jpg,1
1378.jpg,1
1379.jpg,1
1380.jpg,1
1381.jpg,0
1382.jpg,0
1383.jpg,0
1384.jpg,1
1385.jpg,0
1386.jpg,0
1387.jpg,1
1388.jpg,1
1389.jpg,1
1390.jpg,0
1391.jpg,1
1392.jpg,0
1393.jpg,0
1394.jpg,0
1395.jpg,0
1396.jpg,1
1397.jpg,0
1398.jpg,1
1399.jpg,0
1400.jpg,0
1401.jpg,1
1402.jpg,1
1403.jpg,0
1404.jpg,0
1405.jpg,0
1406.jpg,0
1407.jpg,0
1408.jpg,0
1409.jpg,1
1410.jpg,1
1411.jpg,1
1412.jpg,0
1413.jpg,1
1414.jpg,0
1415.jpg,0
1416.jpg,1
1417.jpg,1
1418.jpg,1
1419.jpg,1
1420.jpg,1
1421.jpg,0
1422.jpg,0
1423.jpg,1
1424.jpg,0
1425.jpg,0
1426.jpg,1
1427.jpg,0
1428.jpg,1
1429.jpg,1
1430.jpg,0
1431.jpg,0
1432.jpg,1
1433.jpg,0
1434.jpg,0
1435.jpg,1
1436.jpg,1
1437.jpg,0
1438.jpg,1
1439.jpg,1
1440.jpg,0
1441.jpg,0
1442.jpg,1
1443.jpg,0
1444.jpg,1
1445.jpg,1
1446.jpg,0
1447.jpg,1
1448.jpg,1
1449.jpg,0
1450.jpg,0
1451.jpg,0
1452.jpg,0
1453.jpg,0
1454.jpg,1
1455.jpg,1
1456.jpg,1
1457.jpg,0
1458.jpg,1
1459.jpg,1
1460.jpg,1
1461.jpg,0
1462.jpg,0
1463.jpg,0
1464.jpg,0
1465.jpg,1
1466.jpg,0
1467.jpg,1
1468.jpg,0
1469.jpg,0
1470.jpg,0
1471.jpg,1
1472.jpg,0
1473.jpg,1
1474.jpg,1
1475.jpg,0
1476.jpg,1
1477.jpg,1
1478.jpg,0
1479.jpg,0
1480.jpg,0
1481.jpg,0
1482.jpg,1
1483.jpg,1
1484.jpg,1
1485.jpg,1
1486.jpg,1
1487.jpg,1
1488.jpg,0
1489.jpg,1
1490.jpg,1
1491.jpg,1
1492.jpg,0
1493.jpg,0
1494.jpg,1
1495.jpg,0
1496.jpg,0
1497.jpg,0
1498.jpg,0
1499.jpg,0
1500.jpg,1
1501.jpg,0
1502.jpg,0
1503.jpg,1
1504.jpg,0
1505.jpg,0
1506.jpg,0
1507.jpg,1
1508.jpg,0
1509.jpg,1
1510.jpg,1
1511.jpg,0
1512.jpg,0
1513.jpg,0
1514.jpg,0
1515.jpg,0
1516.jpg,1
1517.jpg,0
1518.jpg,1
1519.jpg,1
1520.jpg,1
1521.jpg,0
1522.jpg,0
1523.jpg,1
1524.jpg,0
1525.jpg,1
1526.jpg,1
1527.jpg,0
1528.jpg,0
1529.jpg,1
1530.jpg,0
1531.jpg,0
1532.jpg,1
1533.jpg,0
1534.jpg,1
1535.jpg,0
1536.jpg,0
1537.jpg,1
1538.jpg,1
1539.jpg,0
1540.jpg,0
1541.jpg,0
1542.jpg,1
1543.jpg,1
1544.jpg,1
1545.jpg,0
1546.jpg,0
1547.jpg,1
1548.jpg,0
1549.jpg,0
1550.jpg,0
1551.jpg,0
1552.jpg,1
1553.jpg,1
1554.jpg,1
1555.jpg,0
1556.jpg,1
1557.jpg,0
1558.jpg,0
1559.jpg,0
1560.jpg,0
1561.jpg,0
1562.jpg,0
1563.jpg,1
1564.jpg,1
1565.jpg,0
1566.jpg,1
1567.jpg,0
1568.jpg,1
1569.jpg,1
1570.jpg,1
1571.jpg,1
1572.jpg,0
1573.jpg,0
1574.jpg,1
1575.jpg,1
1576.jpg,0
1577.jpg,0
1578.jpg,0
1579.jpg,1
1580.jpg,0
1581.jpg,0
1582.jpg,0
1583.jpg,0
1584.jpg,1
1585.jpg,0
1586.jpg,0
1587.jpg,0
1588.jpg,0
1589.jpg,0
1590.jpg,0
1591.jpg,0
1592.jpg,0
1593.jpg,1
1594.jpg,0
1595.jpg,0
1596.jpg,1
1597.jpg,0
1598.jpg,0
1599.jpg,0
1600.jpg,0
1601.jpg,0
1602.jpg,0
1603.jpg,1
1604.jpg,0
1605.jpg,1
1606.jpg,1
1607.jpg,1
1608.jpg,0
1609.jpg,1
1610.jpg,0
1611.jpg,0
1612.jpg,0
1613.jpg,1
1614.jpg,1
1615.jpg,0
1616.jpg,1
1617.jpg,1
1618.jpg,1
1619.jpg,0
1620.jpg,1
1621.jpg,1
1622.jpg,0
1623.jpg,0
1624.jpg,0
1625.jpg,1
1626.jpg,1
1627.jpg,1
1628.jpg,0
1629.jpg,0
1630.jpg,0
1631.jpg,0
1632.jpg,1
1633.jpg,1
1634.jpg,1
1635.jpg,1
1636.jpg,1
1637.jpg,1
1638.jpg,0
1639.jpg,1
1640.jpg,1
1641.jpg,0
1642.jpg,1
1643.jpg,0
1644.jpg,0
1645.jpg,1
1646.jpg,0
1647.jpg,0
1648.jpg,0
1649.jpg,1
1650.jpg,0
1651.jpg,0
1652.jpg,1
1653.jpg,0
1654.jpg,1
1655.jpg,1
1656.jpg,1
1657.jpg,1
1658.jpg,1
1659.jpg,1
1660.jpg,1
1661.jpg,0
1662.jpg,0
1663.jpg,0
1664.jpg,0
1665.jpg,0
1666.jpg,0
1667.jpg,0
1668.jpg,1
1669.jpg,0
1670.jpg,1
1671.jpg,0
1672.jpg,0
1673.jpg,1
1674.jpg,0
1675.jpg,1
1676.jpg,0
1677.jpg,0
1678.jpg,1
1679.jpg,0
1680.jpg,1
1681.jpg,0
1682.jpg,0
1683.jpg,0
1684.jpg,0
1685.jpg,0
1686.jpg,1
1687.jpg,1
1688.jpg,1
1689.jpg,0
1690.jpg,0
1691.jpg,1
1692.jpg,1
1693.jpg,1
1694.jpg,0
1695.jpg,1
1696.jpg,0
1697.jpg,0
1698.jpg,0
1699.jpg,1
1700.jpg,0
1701.jpg,0
1702.jpg,1
1703.jpg,0
1704.jpg,1
1705.jpg,0
1706.jpg,0
1707.jpg,1
1708.jpg,1
1709.jpg,1
1710.jpg,1
1711.jpg,1
1712.jpg,0
1713.jpg,1
1714.jpg,1
1715.jpg,0
1716.jpg,1
1717.jpg,0
1718.jpg,0
1719.jpg,1
1720.jpg,0
1721.jpg,1
1722.jpg,1
1723.jpg,1
1724.jpg,1
1725.jpg,1
1726.jpg,0
1727.jpg,0
1728.jpg,1
1729.jpg,1
1730.jpg,1
1731.jpg,1
1732.jpg,1
1733.jpg,1
1734.jpg,0
1735.jpg,0
1736.jpg,0
1737.jpg,0
1738.jpg,1
1739.jpg,1
1740.jpg,1
1741.jpg,1
1742.jpg,0
1743.jpg,0
1744.jpg,1
1745.jpg,1
1746.jpg,1
1747.jpg,0
1748.jpg,0
1749.jpg,0
1750.jpg,0
1751.jpg,1
1752.jpg,0
1753.jpg,1
1754.jpg,1
1755.jpg,0
1756.jpg,1
1757.jpg,0
1758.jpg,1
1759.jpg,0
1760.jpg,1
1761.jpg,0
1762.jpg,1
1763.jpg,0
1764.jpg,1
1765.jpg,0
1766.jpg,0
1767.jpg,0
1768.jpg,1
1769.jpg,0
1770.jpg,1
1771.jpg,0
1772.jpg,1
1773.jpg,1
1774.jpg,0
1775.jpg,0
1776.jpg,1
1777.jpg,1
1778.jpg,1
1779.jpg,1
1780.jpg,1
1781.jpg,1
1782.jpg,1
1783.jpg,1
1784.jpg,1
1785.jpg,1
1786.jpg,1
1787.jpg,0
1788.jpg,1
1789.jpg,0
1790.jpg,1
1791.jpg,0
1792.jpg,0
1793.jpg,0
1794.jpg,1
1795.jpg,0
1796.jpg,1
1797.jpg,1
1798.jpg,1
1799.jpg,1
1800.jpg,1
1801.jpg,0
1802.jpg,1
1803.jpg,0
1804.jpg,1
1805.jpg,0
1806.jpg,0
1807.jpg,1
1808.jpg,0
1809.jpg,0
1810.jpg,0
1811.jpg,1
1812.jpg,1
1813.jpg,0
1814.jpg,1
1815.jpg,1
1816.jpg,0
1817.jpg,1
1818.jpg,1
1819.jpg,1
1820.jpg,1
1821.jpg,1
1822.jpg,0
1823.jpg,1
1824.jpg,0
1825.jpg,0
1826.jpg,0
1827.jpg,1
1828.jpg,0
1829.jpg,1
1830.jpg,1
1831.jpg,0
1832.jpg,0
1833.jpg,0
1834.jpg,0
1835.jpg,1
1836.jpg,0
1837.jpg,1
1838.jpg,0
1839.jpg,0
1840.jpg,0
1841.jpg,1
1842.jpg,1
1843.jpg,1
1844.jpg,1
1845.jpg,0
1846.jpg,1
1847.jpg,0
1848.jpg,0
1849.jpg,1
1850.jpg,1
1851.jpg,1
1852.jpg,1
1853.jpg,1
1854.jpg,0
1855.jpg,0
1856.jpg,1
1857.jpg,1
1858.jpg,1
1859.jpg,0
1860.jpg,1
1861.jpg,0
1862.jpg,1
1863.jpg,1
1864.jpg,0
1865.jpg,0
1866.jpg,1
1867.jpg,0
1868.jpg,0
1869.jpg,1
1870.jpg,1
1871.jpg,1
1872.jpg,0
1873.jpg,1
1874.jpg,1
1875.jpg,0
1876.jpg,0
1877.jpg,1
1878.jpg,1
1879.jpg,1
1880.jpg,1
1881.jpg,0
1882.jpg,0
1883.jpg,0
1884.jpg,0
1885.jpg,0
1886.jpg,1
1887.jpg,1
1888.jpg,1
1889.jpg,1
1890.jpg,1
1891.jpg,0
1892.jpg,1
1893.jpg,1
1894.jpg,1
1895.jpg,0
1896.jpg,0
1897.jpg,0
1898.jpg,1
1899.jpg,1
1900.jpg,0
1901.jpg,0
1902.jpg,0
1903.jpg,0
1904.jpg,1
1905.jpg,0
1906.jpg,0
1907.jpg,1
1908.jpg,1
1909.jpg,1
1910.jpg,1
1911.jpg,0
1912.jpg,0
1913.jpg,0
1914.jpg,0
1915.jpg,1
1916.jpg,1
1917.jpg,0
1918.jpg,0
1919.jpg,1
1920.jpg,0
1921.jpg,1
1922.jpg,1
1923.jpg,0
1924.jpg,0
1925.jpg,1
1926.jpg,1
1927.jpg,1
1928.jpg,0
1929.jpg,1
1930.jpg,0
1931.jpg,1
1932.jpg,0
1933.jpg,0
1934.jpg,1
1935.jpg,0
1936.jpg,0
1937.jpg,1
1938.jpg,1
1939.jpg,0
1940.jpg,0
1941.jpg,1
1942.jpg,1
1943.jpg,1
1944.jpg,0
1945.jpg,1
1946.jpg,1
1947.jpg,1
1948.jpg,1
1949.jpg,1
1950.jpg,0
1951.jpg,1
1952.jpg,0
1953.jpg,0
1954.jpg,1
1955.jpg,1
1956.jpg,1
1957.jpg,0
1958.jpg,1
1959.jpg,0
1960.jpg,0
1961.jpg,1
1962.jpg,0
1963.jpg,1
1964.jpg,1
1965.jpg,0
1966.jpg,1
1967.jpg,0
1968.jpg,1
1969.jpg,1
1970.jpg,0
1971.jpg,0
1972.jpg,0
1973.jpg,0
1974.jpg,1
1975.jpg,0
1976.jpg,0
1977.jpg,0
1978.jpg,0
1979.jpg,1
1980.jpg,0
1981.jpg,0
1982.jpg,0
1983.jpg,0
1984.jpg,0
1985.jpg,1
1986.jpg,1
1987.jpg,0
1988.jpg,0
1989.jpg,1
1990.jpg,1
1991.jpg,0
1992.jpg,0
1993.jpg,0
1994.jpg,1
1995.jpg,1
1996.jpg,1
1997.jpg,1
1998.jpg,1
1999.jpg,1
